,date,time,comp,round,day,venue,result,gf,ga,opponent,xg,xga,poss,attendance,captain,formation,referee,match report,notes,sh,sot,dist,fk,pk,pkatt,season,team
1,2023-08-11,20:00,Premier League,Matchweek 1,Fri,Away,W,3,0,Burnley,1.9,0.3,65.0,21572.0,Kevin De Bruyne,4-2-3-1,Craig Pawson,Match Report,,17.0,8.0,13.9,0.0,0,0,2024,Manchester City
3,2023-08-19,20:00,Premier League,Matchweek 2,Sat,Home,W,1,0,Newcastle Utd,1.0,0.3,59.0,53419.0,Kyle Walker,4-2-3-1,Robert Jones,Match Report,,14.0,4.0,17.9,0.0,0,0,2024,Manchester City
4,2023-08-27,14:00,Premier League,Matchweek 3,Sun,Away,W,2,1,Sheffield Utd,3.5,0.7,79.0,31336.0,Kyle Walker,4-2-3-1,Jarred Gillett,Match Report,,29.0,9.0,17.3,2.0,0,1,2024,Manchester City
5,2023-09-02,15:00,Premier League,Matchweek 4,Sat,Home,W,5,1,Fulham,2.2,1.4,68.0,52899.0,Kyle Walker,4-2-3-1,Michael Oliver,Match Report,,6.0,4.0,14.8,0.0,1,1,2024,Manchester City
6,2023-09-16,15:00,Premier League,Matchweek 5,Sat,Away,W,3,1,West Ham,3.6,0.9,68.0,62475.0,Kyle Walker,4-2-3-1,Andy Madley,Match Report,,29.0,13.0,16.4,1.0,0,0,2024,Manchester City
8,2023-09-23,15:00,Premier League,Matchweek 6,Sat,Home,W,2,0,Nott'ham Forest,1.3,1.0,57.0,53413.0,Kyle Walker,4-2-3-1,Anthony Taylor,Match Report,,7.0,4.0,17.2,2.0,0,0,2024,Manchester City
10,2023-09-30,15:00,Premier League,Matchweek 7,Sat,Away,L,1,2,Wolves,0.9,0.4,68.0,31415.0,Kyle Walker,4-2-3-1,Craig Pawson,Match Report,,23.0,8.0,19.3,1.0,0,0,2024,Manchester City
12,2023-10-08,16:30,Premier League,Matchweek 8,Sun,Away,L,0,1,Arsenal,0.5,0.4,51.0,60233.0,Kyle Walker,4-3-3,Michael Oliver,Match Report,,4.0,0.0,14.9,0.0,0,0,2024,Manchester City
13,2023-10-21,15:00,Premier League,Matchweek 9,Sat,Home,W,2,1,Brighton,0.8,0.8,55.0,53466.0,Kyle Walker,3-2-4-1,Robert Jones,Match Report,,10.0,5.0,18.8,1.0,0,0,2024,Manchester City
15,2023-10-29,15:30,Premier League,Matchweek 10,Sun,Away,W,3,0,Manchester Utd,4.0,0.9,60.0,73502.0,Kyle Walker,4-2-3-1,Paul Tierney,Match Report,,20.0,9.0,17.2,2.0,1,1,2024,Manchester City
16,2023-11-04,15:00,Premier League,Matchweek 11,Sat,Home,W,6,1,Bournemouth,1.9,0.9,65.0,53358.0,Kyle Walker,3-4-3,Craig Pawson,Match Report,,21.0,8.0,16.4,0.0,0,0,2024,Manchester City
18,2023-11-12,16:30,Premier League,Matchweek 12,Sun,Away,D,4,4,Chelsea,2.9,2.9,55.0,39532.0,Kyle Walker,3-2-4-1,Anthony Taylor,Match Report,,14.0,9.0,16.6,1.0,1,1,2024,Manchester City
19,2023-11-25,12:30,Premier League,Matchweek 13,Sat,Home,D,1,1,Liverpool,1.3,0.6,59.0,53289.0,Kyle Walker,3-2-4-1,Chris Kavanagh,Match Report,,16.0,5.0,16.3,1.0,0,0,2024,Manchester City
21,2023-12-03,16:30,Premier League,Matchweek 14,Sun,Home,D,3,3,Tottenham,2.6,0.5,55.0,53473.0,Kyle Walker,3-2-4-1,Simon Hooper,Match Report,,17.0,4.0,13.4,0.0,0,0,2024,Manchester City
22,2023-12-06,20:15,Premier League,Matchweek 15,Wed,Away,L,0,1,Aston Villa,0.6,2.3,54.0,41421.0,Kyle Walker,3-2-4-1,John Brooks,Match Report,,2.0,2.0,7.4,0.0,0,0,2024,Manchester City
23,2023-12-10,14:00,Premier League,Matchweek 16,Sun,Away,W,2,1,Luton Town,1.6,0.3,65.0,11047.0,Kyle Walker,4-2-3-1,Tim Robinson,Match Report,,18.0,6.0,18.7,1.0,0,0,2024,Manchester City
25,2023-12-16,15:00,Premier League,Matchweek 17,Sat,Home,D,2,2,Crystal Palace,1.6,1.8,74.0,53248.0,Kyle Walker,4-2-3-1,Paul Tierney,Match Report,,19.0,9.0,18.2,0.0,0,0,2024,Manchester City
26,2023-12-27,20:15,Premier League,Matchweek 19,Wed,Away,W,3,1,Everton,2.4,1.0,72.0,39327.0,Kyle Walker,4-2-3-1,John Brooks,Match Report,,22.0,8.0,19.5,1.0,1,1,2024,Manchester City
27,2023-12-30,15:00,Premier League,Matchweek 20,Sat,Home,W,2,0,Sheffield Utd,2.2,0.3,80.0,53108.0,Kyle Walker,4-2-3-1,David Coote,Match Report,,18.0,4.0,17.4,0.0,0,0,2024,Manchester City
29,2024-01-13,17:30,Premier League,Matchweek 21,Sat,Away,W,3,2,Newcastle Utd,3.0,1.3,72.0,52190.0,Kyle Walker,4-2-3-1,Chris Kavanagh,Match Report,,27.0,11.0,19.3,2.0,0,0,2024,Manchester City
31,2024-01-31,19:30,Premier League,Matchweek 22,Wed,Home,W,3,1,Burnley,1.7,1.4,74.0,52143.0,Kevin De Bruyne,4-2-3-1,Samuel Barrott,Match Report,,14.0,4.0,15.8,1.0,0,0,2024,Manchester City
32,2024-02-05,20:00,Premier League,Matchweek 23,Mon,Away,W,3,1,Brentford,2.1,1.0,72.0,17096.0,Kyle Walker,4-1-4-1,Jarred Gillett,Match Report,,25.0,15.0,19.2,0.0,0,0,2024,Manchester City
33,2024-02-10,12:30,Premier League,Matchweek 24,Sat,Home,W,2,0,Everton,1.6,0.3,72.0,52187.0,Rúben Dias,4-1-4-1,John Brooks,Match Report,,19.0,3.0,17.4,0.0,0,0,2024,Manchester City
35,2024-02-17,17:30,Premier League,Matchweek 25,Sat,Home,D,1,1,Chelsea,2.6,1.4,70.0,52178.0,Kyle Walker,4-1-4-1,Andy Madley,Match Report,,31.0,5.0,15.9,1.0,0,0,2024,Manchester City
36,2024-02-20,19:30,Premier League,Matchweek 18,Tue,Home,W,1,0,Brentford,2.3,0.4,70.0,52247.0,Kyle Walker,4-2-3-1,Darren England,Match Report,,25.0,10.0,17.6,0.0,0,0,2024,Manchester City
37,2024-02-24,17:30,Premier League,Matchweek 26,Sat,Away,W,1,0,Bournemouth,1.6,0.9,62.0,11184.0,Rúben Dias,3-2-4-1,Jarred Gillett,Match Report,,15.0,6.0,15.5,1.0,0,0,2024,Manchester City
39,2024-03-03,15:30,Premier League,Matchweek 27,Sun,Home,W,3,1,Manchester Utd,3.3,0.2,73.0,53514.0,Kyle Walker,3-2-4-1,Andy Madley,Match Report,,27.0,8.0,17.7,1.0,0,0,2024,Manchester City
41,2024-03-10,15:45,Premier League,Matchweek 28,Sun,Away,D,1,1,Liverpool,1.6,2.7,47.0,59947.0,Kyle Walker,3-2-4-1,Michael Oliver,Match Report,,10.0,6.0,18.6,0.0,0,0,2024,Manchester City
43,2024-03-31,16:30,Premier League,Matchweek 30,Sun,Home,D,0,0,Arsenal,1.0,0.7,72.0,52178.0,Kevin De Bruyne,4-1-4-1,Anthony Taylor,Match Report,,12.0,1.0,14.2,0.0,0,0,2024,Manchester City
44,2024-04-03,20:15,Premier League,Matchweek 31,Wed,Home,W,4,1,Aston Villa,3.4,0.8,67.0,53422.0,Rúben Dias,4-2-3-1,Darren England,Match Report,,25.0,11.0,15.9,2.0,0,0,2024,Manchester City
45,2024-04-06,12:30,Premier League,Matchweek 32,Sat,Away,W,4,2,Crystal Palace,1.9,1.1,75.0,25132.0,Kevin De Bruyne,3-2-4-1,Paul Tierney,Match Report,,18.0,8.0,16.1,0.0,0,0,2024,Manchester City
47,2024-04-13,15:00,Premier League,Matchweek 33,Sat,Home,W,5,1,Luton Town,4.2,0.5,73.0,52149.0,Kevin De Bruyne,4-2-3-1,John Brooks,Match Report,,36.0,12.0,16.9,0.0,1,1,2024,Manchester City
50,2024-04-25,20:00,Premier League,Matchweek 29,Thu,Away,W,4,0,Brighton,1.4,0.6,64.0,31596.0,Kyle Walker,4-1-4-1,Jarred Gillett,Match Report,,14.0,6.0,17.0,1.0,0,0,2024,Manchester City
51,2024-04-28,16:30,Premier League,Matchweek 35,Sun,Away,W,2,0,Nott'ham Forest,0.9,1.9,66.0,29677.0,Kyle Walker,4-1-4-1,Simon Hooper,Match Report,,11.0,5.0,18.7,1.0,0,0,2024,Manchester City
52,2024-05-04,17:30,Premier League,Matchweek 36,Sat,Home,W,5,1,Wolves,3.7,0.3,58.0,52439.0,Kyle Walker,4-2-3-1,Craig Pawson,Match Report,,18.0,10.0,15.3,0.0,2,2,2024,Manchester City
53,2024-05-11,12:30,Premier League,Matchweek 37,Sat,Away,W,4,0,Fulham,3.2,0.1,64.0,24418.0,Kevin De Bruyne,4-2-3-1,Anthony Taylor,Match Report,,15.0,8.0,17.6,0.0,1,1,2024,Manchester City
54,2024-05-14,20:00,Premier League,Matchweek 34,Tue,Away,W,2,0,Tottenham,2.4,1.7,47.0,61065.0,Kyle Walker,4-2-3-1,Chris Kavanagh,Match Report,,7.0,4.0,14.5,0.0,1,1,2024,Manchester City
55,2024-05-19,16:00,Premier League,Matchweek 38,Sun,Home,W,3,1,West Ham,1.9,0.4,71.0,55097.0,Kyle Walker,4-1-4-1,John Brooks,Match Report,,28.0,12.0,17.9,2.0,0,0,2024,Manchester City
1,2023-08-12,12:30,Premier League,Matchweek 1,Sat,Home,W,2,1,Nott'ham Forest,0.8,1.2,78.0,59984.0,Martin Ødegaard,4-3-3,Michael Oliver,Match Report,,15.0,7.0,19.1,0.0,0,0,2024,Arsenal
2,2023-08-21,20:00,Premier League,Matchweek 2,Mon,Away,W,1,0,Crystal Palace,2.0,1.0,53.0,24189.0,Martin Ødegaard,4-3-3,David Coote,Match Report,,13.0,2.0,16.4,0.0,1,1,2024,Arsenal
3,2023-08-26,15:00,Premier League,Matchweek 3,Sat,Home,D,2,2,Fulham,3.2,0.6,71.0,59961.0,Martin Ødegaard,4-3-3,Paul Tierney,Match Report,,18.0,9.0,13.8,0.0,1,1,2024,Arsenal
4,2023-09-03,16:30,Premier League,Matchweek 4,Sun,Home,W,3,1,Manchester Utd,2.3,0.9,55.0,60192.0,Martin Ødegaard,4-3-3,Anthony Taylor,Match Report,,17.0,5.0,15.0,0.0,0,0,2024,Arsenal
5,2023-09-17,16:30,Premier League,Matchweek 5,Sun,Away,W,1,0,Everton,1.0,0.3,74.0,39217.0,Martin Ødegaard,4-3-3,Simon Hooper,Match Report,,13.0,4.0,17.4,0.0,0,0,2024,Arsenal
7,2023-09-24,14:00,Premier League,Matchweek 6,Sun,Home,D,2,2,Tottenham,1.8,1.4,47.0,60156.0,Martin Ødegaard,4-3-3,Robert Jones,Match Report,,12.0,4.0,16.9,0.0,1,1,2024,Arsenal
9,2023-09-30,15:00,Premier League,Matchweek 7,Sat,Away,W,4,0,Bournemouth,3.4,0.6,57.0,11193.0,Martin Ødegaard,4-3-3,Michael Salisbury,Match Report,,13.0,6.0,15.5,0.0,2,2,2024,Arsenal
11,2023-10-08,16:30,Premier League,Matchweek 8,Sun,Home,W,1,0,Manchester City,0.4,0.5,49.0,60233.0,Martin Ødegaard,4-3-3,Michael Oliver,Match Report,,12.0,2.0,19.2,0.0,0,0,2024,Arsenal
12,2023-10-21,17:30,Premier League,Matchweek 9,Sat,Away,D,2,2,Chelsea,1.0,1.3,56.0,39723.0,Martin Ødegaard,4-3-3,Chris Kavanagh,Match Report,,13.0,3.0,14.3,0.0,0,0,2024,Arsenal
14,2023-10-28,15:00,Premier League,Matchweek 10,Sat,Home,W,5,0,Sheffield Utd,2.8,0.0,67.0,60153.0,Bukayo Saka,4-3-3,Tim Robinson,Match Report,,12.0,6.0,17.0,0.0,1,1,2024,Arsenal
16,2023-11-04,17:30,Premier League,Matchweek 11,Sat,Away,L,0,1,Newcastle Utd,0.6,1.0,58.0,52194.0,Jorginho,4-3-3,Stuart Attwell,Match Report,,14.0,1.0,20.7,0.0,0,0,2024,Arsenal
18,2023-11-11,15:00,Premier League,Matchweek 12,Sat,Home,W,3,1,Burnley,1.8,0.3,63.0,60232.0,Jorginho,4-3-3,Michael Oliver,Match Report,,16.0,6.0,13.8,0.0,0,0,2024,Arsenal
19,2023-11-25,17:30,Premier League,Matchweek 13,Sat,Away,W,1,0,Brentford,1.6,1.1,63.0,17201.0,Martin Ødegaard,4-3-3,Tim Robinson,Match Report,,15.0,4.0,15.2,0.0,0,0,2024,Arsenal
21,2023-12-02,15:00,Premier League,Matchweek 14,Sat,Home,W,2,1,Wolves,2.8,0.7,57.0,60262.0,Martin Ødegaard,4-3-3,Peter Bankes,Match Report,,19.0,6.0,15.6,0.0,0,0,2024,Arsenal
22,2023-12-05,20:15,Premier League,Matchweek 15,Tue,Away,W,4,3,Luton Town,2.2,0.5,66.0,11031.0,Martin Ødegaard,4-3-3,Samuel Barrott,Match Report,,23.0,9.0,15.5,0.0,0,0,2024,Arsenal
23,2023-12-09,17:30,Premier League,Matchweek 16,Sat,Away,L,0,1,Aston Villa,1.4,0.6,61.0,42000.0,Martin Ødegaard,4-3-3,Jarred Gillett,Match Report,,12.0,3.0,14.8,1.0,0,0,2024,Arsenal
25,2023-12-17,14:00,Premier League,Matchweek 17,Sun,Home,W,2,0,Brighton,2.3,0.7,49.0,60257.0,Martin Ødegaard,4-3-3,Tim Robinson,Match Report,,26.0,8.0,14.2,0.0,0,0,2024,Arsenal
26,2023-12-23,17:30,Premier League,Matchweek 18,Sat,Away,D,1,1,Liverpool,0.7,1.0,48.0,57548.0,Martin Ødegaard,4-3-3,Chris Kavanagh,Match Report,,13.0,2.0,17.2,0.0,0,0,2024,Arsenal
27,2023-12-28,20:15,Premier League,Matchweek 19,Thu,Home,L,0,2,West Ham,2.7,1.4,73.0,60261.0,Martin Ødegaard,4-3-3,Michael Oliver,Match Report,,30.0,8.0,16.8,0.0,0,0,2024,Arsenal
28,2023-12-31,14:00,Premier League,Matchweek 20,Sun,Away,L,1,2,Fulham,1.6,1.2,60.0,24444.0,Martin Ødegaard,4-3-3,Joshua Smith,Match Report,,13.0,3.0,15.4,1.0,0,0,2024,Arsenal
30,2024-01-20,12:30,Premier League,Matchweek 21,Sat,Home,W,5,0,Crystal Palace,3.3,0.3,60.0,60284.0,Martin Ødegaard,4-3-3,Paul Tierney,Match Report,,21.0,7.0,16.7,0.0,0,0,2024,Arsenal
31,2024-01-30,19:30,Premier League,Matchweek 22,Tue,Away,W,2,1,Nott'ham Forest,1.2,0.5,73.0,29387.0,Martin Ødegaard,4-3-3,Simon Hooper,Match Report,,19.0,3.0,17.6,0.0,0,0,2024,Arsenal
32,2024-02-04,16:30,Premier League,Matchweek 23,Sun,Home,W,3,1,Liverpool,3.5,0.4,43.0,60374.0,Martin Ødegaard,4-3-3,Anthony Taylor,Match Report,,15.0,7.0,14.2,0.0,0,0,2024,Arsenal
33,2024-02-11,14:00,Premier League,Matchweek 24,Sun,Away,W,6,0,West Ham,3.6,0.2,70.0,62475.0,Martin Ødegaard,4-3-3,Craig Pawson,Match Report,,24.0,11.0,16.0,0.0,1,1,2024,Arsenal
34,2024-02-17,15:00,Premier League,Matchweek 25,Sat,Away,W,5,0,Burnley,2.3,0.3,64.0,21311.0,Martin Ødegaard,4-3-3,Jarred Gillett,Match Report,,15.0,6.0,16.8,1.0,1,1,2024,Arsenal
36,2024-02-24,20:00,Premier League,Matchweek 26,Sat,Home,W,4,1,Newcastle Utd,2.8,0.2,55.0,60298.0,Martin Ødegaard,4-3-3,Paul Tierney,Match Report,,18.0,7.0,13.8,0.0,0,0,2024,Arsenal
37,2024-03-04,20:00,Premier League,Matchweek 27,Mon,Away,W,6,0,Sheffield Utd,2.3,0.2,80.0,29157.0,Martin Ødegaard,4-3-3,Samuel Barrott,Match Report,,22.0,9.0,15.6,1.0,0,0,2024,Arsenal
38,2024-03-09,17:30,Premier League,Matchweek 28,Sat,Home,W,2,1,Brentford,1.3,1.0,71.0,60331.0,Martin Ødegaard,4-3-3,Robert Jones,Match Report,,17.0,5.0,16.4,0.0,0,0,2024,Arsenal
40,2024-03-31,16:30,Premier League,Matchweek 30,Sun,Away,D,0,0,Manchester City,0.7,1.0,28.0,52178.0,Martin Ødegaard,4-3-3,Anthony Taylor,Match Report,,6.0,2.0,14.2,0.0,0,0,2024,Arsenal
41,2024-04-03,19:30,Premier League,Matchweek 31,Wed,Home,W,2,0,Luton Town,0.7,0.3,58.0,60262.0,Martin Ødegaard,4-3-3,Craig Pawson,Match Report,,13.0,4.0,17.8,0.0,0,0,2024,Arsenal
42,2024-04-06,17:30,Premier League,Matchweek 32,Sat,Away,W,3,0,Brighton,3.4,0.5,46.0,31677.0,Martin Ødegaard,4-3-3,John Brooks,Match Report,,19.0,6.0,12.4,0.0,1,1,2024,Arsenal
44,2024-04-14,16:30,Premier League,Matchweek 33,Sun,Home,L,0,2,Aston Villa,1.6,0.9,52.0,60350.0,Martin Ødegaard,4-3-3,David Coote,Match Report,,18.0,4.0,17.2,1.0,0,0,2024,Arsenal
46,2024-04-20,19:30,Premier League,Matchweek 34,Sat,Away,W,2,0,Wolves,1.2,0.2,54.0,31621.0,Martin Ødegaard,4-3-3,Paul Tierney,Match Report,,24.0,9.0,17.8,0.0,0,0,2024,Arsenal
47,2024-04-23,20:00,Premier League,Matchweek 29,Tue,Home,W,5,0,Chelsea,3.3,1.6,45.0,60238.0,Martin Ødegaard,4-3-3,Simon Hooper,Match Report,,27.0,10.0,16.3,0.0,0,0,2024,Arsenal
48,2024-04-28,14:00,Premier League,Matchweek 35,Sun,Away,W,3,2,Tottenham,1.0,2.3,38.0,61554.0,Martin Ødegaard,4-3-3,Michael Oliver,Match Report,,9.0,3.0,14.3,1.0,0,0,2024,Arsenal
49,2024-05-04,12:30,Premier League,Matchweek 36,Sat,Home,W,3,0,Bournemouth,3.3,0.5,55.0,60348.0,Martin Ødegaard,4-3-3,David Coote,Match Report,,24.0,8.0,14.0,0.0,1,1,2024,Arsenal
50,2024-05-12,16:30,Premier League,Matchweek 37,Sun,Away,W,1,0,Manchester Utd,1.5,0.5,46.0,73600.0,Martin Ødegaard,4-3-3,Paul Tierney,Match Report,,11.0,5.0,13.4,0.0,0,0,2024,Arsenal
51,2024-05-19,16:00,Premier League,Matchweek 38,Sun,Home,W,2,1,Everton,2.9,0.6,68.0,60312.0,Martin Ødegaard,4-3-3,Michael Oliver,Match Report,,26.0,5.0,14.1,0.0,0,0,2024,Arsenal
0,2023-08-13,16:30,Premier League,Matchweek 1,Sun,Away,D,1,1,Chelsea,1.3,1.4,35.0,40096.0,Virgil van Dijk,4-3-3,Anthony Taylor,Match Report,,13.0,1.0,17.8,0.0,0,0,2024,Liverpool
1,2023-08-19,15:00,Premier League,Matchweek 2,Sat,Home,W,3,1,Bournemouth,3.0,1.3,64.0,53145.0,Virgil van Dijk,4-3-3,Thomas Bramall,Match Report,,25.0,9.0,16.8,1.0,0,1,2024,Liverpool
2,2023-08-27,16:30,Premier League,Matchweek 3,Sun,Away,W,2,1,Newcastle Utd,0.9,2.0,41.0,52214.0,Virgil van Dijk,4-3-3,John Brooks,Match Report,,9.0,4.0,17.2,1.0,0,0,2024,Liverpool
3,2023-09-03,14:00,Premier League,Matchweek 4,Sun,Home,W,3,0,Aston Villa,2.5,0.7,63.0,50109.0,Trent Alexander-Arnold,4-3-3,Simon Hooper,Match Report,,17.0,4.0,14.7,0.0,0,0,2024,Liverpool
4,2023-09-16,12:30,Premier League,Matchweek 5,Sat,Away,W,3,1,Wolves,2.5,0.6,65.0,31257.0,Andrew Robertson,4-3-3,Michael Oliver,Match Report,,16.0,5.0,15.8,0.0,0,0,2024,Liverpool
6,2023-09-24,14:00,Premier League,Matchweek 6,Sun,Home,W,3,1,West Ham,3.0,1.1,63.0,50136.0,Virgil van Dijk,4-3-3,Chris Kavanagh,Match Report,,21.0,6.0,19.3,2.0,1,1,2024,Liverpool
8,2023-09-30,17:30,Premier League,Matchweek 7,Sat,Away,L,1,2,Tottenham,1.3,2.2,36.0,62001.0,Virgil van Dijk,4-3-3,Simon Hooper,Match Report,,12.0,4.0,14.9,0.0,0,0,2024,Liverpool
10,2023-10-08,14:00,Premier League,Matchweek 8,Sun,Away,D,2,2,Brighton,2.3,2.3,54.0,31752.0,Virgil van Dijk,4-3-3,Anthony Taylor,Match Report,,13.0,3.0,18.8,0.0,1,1,2024,Liverpool
11,2023-10-21,12:30,Premier League,Matchweek 9,Sat,Home,W,2,0,Everton,2.2,0.1,77.0,50201.0,Virgil van Dijk,4-3-3,Craig Pawson,Match Report,,25.0,5.0,22.4,1.0,1,1,2024,Liverpool
13,2023-10-29,14:00,Premier League,Matchweek 10,Sun,Home,W,3,0,Nott'ham Forest,3.2,0.4,72.0,50143.0,Virgil van Dijk,4-3-3,Chris Kavanagh,Match Report,,21.0,8.0,19.5,2.0,0,0,2024,Liverpool
15,2023-11-05,16:30,Premier League,Matchweek 11,Sun,Away,D,1,1,Luton Town,2.6,0.8,73.0,11049.0,Virgil van Dijk,4-3-3,Andy Madley,Match Report,,24.0,6.0,17.5,0.0,0,0,2024,Liverpool
17,2023-11-12,14:00,Premier League,Matchweek 12,Sun,Home,W,3,0,Brentford,1.7,1.6,58.0,50151.0,Virgil van Dijk,4-3-3,Paul Tierney,Match Report,,17.0,10.0,19.0,0.0,0,0,2024,Liverpool
18,2023-11-25,12:30,Premier League,Matchweek 13,Sat,Away,D,1,1,Manchester City,0.6,1.3,41.0,53289.0,Virgil van Dijk,4-3-3,Chris Kavanagh,Match Report,,8.0,3.0,15.9,0.0,0,0,2024,Liverpool
20,2023-12-03,14:00,Premier League,Matchweek 14,Sun,Home,W,4,3,Fulham,2.1,1.2,61.0,50124.0,Virgil van Dijk,4-3-3,Stuart Attwell,Match Report,,26.0,12.0,18.9,1.0,0,0,2024,Liverpool
21,2023-12-06,19:30,Premier League,Matchweek 15,Wed,Away,W,2,0,Sheffield Utd,1.7,1.0,75.0,31406.0,Virgil van Dijk,4-3-3,Simon Hooper,Match Report,,15.0,8.0,16.4,0.0,0,0,2024,Liverpool
22,2023-12-09,12:30,Premier League,Matchweek 16,Sat,Away,W,2,1,Crystal Palace,1.2,1.7,76.0,25103.0,Virgil van Dijk,4-3-3,Andy Madley,Match Report,,14.0,2.0,17.4,0.0,0,0,2024,Liverpool
24,2023-12-17,16:30,Premier League,Matchweek 17,Sun,Home,D,0,0,Manchester Utd,2.3,0.8,68.0,57158.0,Virgil van Dijk,4-3-3,Michael Oliver,Match Report,,34.0,8.0,17.7,0.0,0,0,2024,Liverpool
26,2023-12-23,17:30,Premier League,Matchweek 18,Sat,Home,D,1,1,Arsenal,1.0,0.7,52.0,57548.0,Virgil van Dijk,4-3-3,Chris Kavanagh,Match Report,,13.0,3.0,20.1,1.0,0,0,2024,Liverpool
27,2023-12-26,17:30,Premier League,Matchweek 19,Tue,Away,W,2,0,Burnley,1.8,0.8,68.0,21624.0,Virgil van Dijk,4-3-3,Paul Tierney,Match Report,,19.0,10.0,17.4,0.0,0,0,2024,Liverpool
28,2024-01-01,20:00,Premier League,Matchweek 20,Mon,Home,W,4,2,Newcastle Utd,7.0,0.6,61.0,57471.0,Virgil van Dijk,4-3-3,Anthony Taylor,Match Report,,32.0,12.0,16.2,0.0,1,2,2024,Liverpool
31,2024-01-21,16:30,Premier League,Matchweek 21,Sun,Away,W,4,0,Bournemouth,1.5,1.4,60.0,11228.0,Virgil van Dijk,4-3-3,Andy Madley,Match Report,,14.0,7.0,19.2,0.0,0,0,2024,Liverpool
34,2024-01-31,20:15,Premier League,Matchweek 22,Wed,Home,W,4,1,Chelsea,2.9,0.6,50.0,57524.0,Virgil van Dijk,4-3-3,Paul Tierney,Match Report,,27.0,13.0,19.9,2.0,0,1,2024,Liverpool
35,2024-02-04,16:30,Premier League,Matchweek 23,Sun,Away,L,1,3,Arsenal,0.4,3.5,57.0,60374.0,Virgil van Dijk,4-3-3,Anthony Taylor,Match Report,,10.0,1.0,19.7,0.0,0,0,2024,Liverpool
36,2024-02-10,15:00,Premier League,Matchweek 24,Sat,Home,W,3,1,Burnley,2.8,1.3,70.0,59896.0,Virgil van Dijk,4-3-3,Tim Robinson,Match Report,,25.0,10.0,15.4,0.0,0,0,2024,Liverpool
37,2024-02-17,12:30,Premier League,Matchweek 25,Sat,Away,W,4,1,Brentford,2.8,1.6,62.0,17193.0,Virgil van Dijk,4-3-3,Michael Oliver,Match Report,,15.0,8.0,15.9,1.0,0,0,2024,Liverpool
38,2024-02-21,19:30,Premier League,Matchweek 26,Wed,Home,W,4,1,Luton Town,3.3,0.9,60.0,59713.0,Virgil van Dijk,4-3-3,Andy Madley,Match Report,,29.0,13.0,16.9,0.0,0,0,2024,Liverpool
41,2024-03-02,15:00,Premier League,Matchweek 27,Sat,Away,W,1,0,Nott'ham Forest,2.0,1.0,69.0,29603.0,Virgil van Dijk,4-3-3,Paul Tierney,Match Report,,22.0,1.0,14.6,0.0,0,0,2024,Liverpool
43,2024-03-10,15:45,Premier League,Matchweek 28,Sun,Home,D,1,1,Manchester City,2.7,1.6,53.0,59947.0,Virgil van Dijk,4-3-3,Michael Oliver,Match Report,,18.0,5.0,19.0,1.0,1,1,2024,Liverpool
46,2024-03-31,14:00,Premier League,Matchweek 30,Sun,Home,W,2,1,Brighton,2.8,0.5,55.0,60061.0,Virgil van Dijk,4-3-3,David Coote,Match Report,,30.0,8.0,16.6,0.0,0,0,2024,Liverpool
47,2024-04-04,19:30,Premier League,Matchweek 31,Thu,Home,W,3,1,Sheffield Utd,1.8,0.6,82.0,60055.0,Virgil van Dijk,4-3-3,Stuart Attwell,Match Report,,29.0,9.0,18.1,1.0,0,0,2024,Liverpool
48,2024-04-07,15:30,Premier League,Matchweek 32,Sun,Away,D,2,2,Manchester Utd,3.6,0.7,62.0,73501.0,Virgil van Dijk,4-3-3,Anthony Taylor,Match Report,,27.0,6.0,17.5,0.0,1,1,2024,Liverpool
50,2024-04-14,14:00,Premier League,Matchweek 33,Sun,Home,L,0,1,Crystal Palace,2.7,2.0,69.0,60090.0,Virgil van Dijk,4-3-3,Chris Kavanagh,Match Report,,21.0,5.0,12.5,1.0,0,0,2024,Liverpool
52,2024-04-21,16:30,Premier League,Matchweek 34,Sun,Away,W,3,1,Fulham,1.0,0.8,60.0,24414.0,Virgil van Dijk,4-3-3,Craig Pawson,Match Report,,14.0,7.0,18.8,2.0,0,0,2024,Liverpool
53,2024-04-24,20:00,Premier League,Matchweek 29,Wed,Away,L,0,2,Everton,2.1,1.2,75.0,38222.0,Virgil van Dijk,4-3-3,Andy Madley,Match Report,,23.0,7.0,16.8,0.0,0,0,2024,Liverpool
54,2024-04-27,12:30,Premier League,Matchweek 35,Sat,Away,D,2,2,West Ham,1.7,0.7,71.0,62474.0,Virgil van Dijk,4-3-3,Anthony Taylor,Match Report,,28.0,8.0,16.6,1.0,0,0,2024,Liverpool
55,2024-05-05,16:30,Premier League,Matchweek 36,Sun,Home,W,4,2,Tottenham,3.3,1.2,44.0,60075.0,Virgil van Dijk,4-3-3,Paul Tierney,Match Report,,25.0,12.0,15.3,0.0,0,0,2024,Liverpool
56,2024-05-13,20:00,Premier League,Matchweek 37,Mon,Away,D,3,3,Aston Villa,1.7,3.1,59.0,42241.0,Virgil van Dijk,4-3-3,Simon Hooper,Match Report,,14.0,7.0,17.1,0.0,0,0,2024,Liverpool
57,2024-05-19,16:00,Premier League,Matchweek 38,Sun,Home,W,2,0,Wolves,4.5,0.5,67.0,60059.0,Virgil van Dijk,4-3-3,Chris Kavanagh,Match Report,,36.0,13.0,14.8,0.0,0,0,2024,Liverpool
0,2023-08-12,17:30,Premier League,Matchweek 1,Sat,Away,L,1,5,Newcastle Utd,1.8,3.3,48.0,52207.0,John McGinn,4-2-3-1,Andy Madley,Match Report,,16.0,6.0,14.5,1.0,0,0,2024,Aston Villa
1,2023-08-20,14:00,Premier League,Matchweek 2,Sun,Home,W,4,0,Everton,2.9,0.6,60.0,41694.0,John McGinn,4-2-3-1,Anthony Taylor,Match Report,,12.0,6.0,18.5,0.0,1,1,2024,Aston Villa
3,2023-08-27,14:00,Premier League,Matchweek 3,Sun,Away,W,3,1,Burnley,2.5,0.7,43.0,21591.0,John McGinn,3-4-3,Michael Salisbury,Match Report,,16.0,6.0,13.4,0.0,0,0,2024,Aston Villa
5,2023-09-03,14:00,Premier League,Matchweek 4,Sun,Away,L,0,3,Liverpool,0.7,2.5,37.0,50109.0,John McGinn,4-4-2,Simon Hooper,Match Report,,9.0,3.0,12.5,0.0,0,0,2024,Aston Villa
6,2023-09-16,15:00,Premier League,Matchweek 5,Sat,Home,W,3,1,Crystal Palace,3.0,1.2,66.0,40809.0,John McGinn,4-2-3-1,Darren England,Match Report,,15.0,4.0,16.2,0.0,1,1,2024,Aston Villa
8,2023-09-24,14:00,Premier League,Matchweek 6,Sun,Away,W,1,0,Chelsea,1.0,1.3,47.0,39700.0,John McGinn,4-2-3-1,Jarred Gillett,Match Report,,15.0,7.0,18.2,1.0,0,0,2024,Aston Villa
10,2023-09-30,12:30,Premier League,Matchweek 7,Sat,Home,W,6,1,Brighton,1.6,1.7,39.0,40636.0,John McGinn,4-2-3-1,Andy Madley,Match Report,,19.0,9.0,17.9,1.0,0,0,2024,Aston Villa
12,2023-10-08,14:00,Premier League,Matchweek 8,Sun,Away,D,1,1,Wolves,1.6,1.7,53.0,31425.0,John McGinn,4-4-2,Robert Jones,Match Report,,18.0,4.0,16.6,0.0,0,0,2024,Aston Villa
13,2023-10-22,16:30,Premier League,Matchweek 9,Sun,Home,W,4,1,West Ham,1.9,1.1,58.0,41734.0,John McGinn,4-4-2,David Coote,Match Report,,14.0,6.0,19.6,0.0,1,1,2024,Aston Villa
15,2023-10-29,14:00,Premier League,Matchweek 10,Sun,Home,W,3,1,Luton Town,2.3,0.5,70.0,41785.0,John McGinn,4-4-2,John Brooks,Match Report,,17.0,6.0,14.5,0.0,0,0,2024,Aston Villa
16,2023-11-05,14:00,Premier League,Matchweek 11,Sun,Away,L,0,2,Nott'ham Forest,1.2,0.4,73.0,29313.0,John McGinn,4-4-2,Jarred Gillett,Match Report,,13.0,3.0,14.0,0.0,0,0,2024,Aston Villa
18,2023-11-12,14:00,Premier League,Matchweek 12,Sun,Home,W,3,1,Fulham,3.0,0.9,51.0,41608.0,John McGinn,4-2-2-2,Simon Hooper,Match Report,,12.0,6.0,13.5,0.0,0,0,2024,Aston Villa
19,2023-11-26,14:00,Premier League,Matchweek 13,Sun,Away,W,2,1,Tottenham,1.7,2.3,38.0,61679.0,John McGinn,4-4-2,Robert Jones,Match Report,,15.0,5.0,16.6,1.0,0,0,2024,Aston Villa
21,2023-12-03,14:00,Premier League,Matchweek 14,Sun,Away,D,2,2,Bournemouth,0.7,2.0,62.0,11191.0,John McGinn,4-4-2,Thomas Bramall,Match Report,,11.0,3.0,19.2,1.0,0,0,2024,Aston Villa
22,2023-12-06,20:15,Premier League,Matchweek 15,Wed,Home,W,1,0,Manchester City,2.3,0.6,46.0,41421.0,John McGinn,4-4-1-1,John Brooks,Match Report,,22.0,7.0,18.9,0.0,0,0,2024,Aston Villa
23,2023-12-09,17:30,Premier League,Matchweek 16,Sat,Home,W,1,0,Arsenal,0.6,1.4,39.0,42000.0,John McGinn,4-4-1-1,Jarred Gillett,Match Report,,10.0,3.0,20.8,1.0,0,0,2024,Aston Villa
25,2023-12-17,14:00,Premier League,Matchweek 17,Sun,Away,W,2,1,Brentford,1.4,0.5,66.0,17034.0,John McGinn,3-5-2,David Coote,Match Report,,15.0,5.0,16.7,0.0,0,0,2024,Aston Villa
26,2023-12-22,20:00,Premier League,Matchweek 18,Fri,Home,D,1,1,Sheffield Utd,0.9,0.6,77.0,41651.0,John McGinn,4-4-1-1,Anthony Taylor,Match Report,,12.0,4.0,17.5,0.0,0,0,2024,Aston Villa
27,2023-12-26,20:00,Premier League,Matchweek 19,Tue,Away,L,2,3,Manchester Utd,1.7,1.1,54.0,73574.0,John McGinn,4-2-3-1,Craig Pawson,Match Report,,10.0,3.0,14.6,1.0,0,0,2024,Aston Villa
28,2023-12-30,15:00,Premier League,Matchweek 20,Sat,Home,W,3,2,Burnley,3.2,1.2,64.0,41613.0,John McGinn,4-4-1-1,Stuart Attwell,Match Report,,18.0,6.0,16.9,1.0,1,1,2024,Aston Villa
30,2024-01-14,14:00,Premier League,Matchweek 21,Sun,Away,D,0,0,Everton,1.2,1.1,68.0,39284.0,John McGinn,4-4-2,David Coote,Match Report,,16.0,4.0,14.2,0.0,0,0,2024,Aston Villa
32,2024-01-30,20:15,Premier League,Matchweek 22,Tue,Home,L,1,3,Newcastle Utd,1.4,2.6,61.0,42191.0,John McGinn,4-4-2,John Brooks,Match Report,,12.0,5.0,14.3,0.0,0,0,2024,Aston Villa
33,2024-02-03,17:30,Premier League,Matchweek 23,Sat,Away,W,5,0,Sheffield Utd,2.2,1.4,63.0,30187.0,John McGinn,4-2-3-1,Paul Tierney,Match Report,,14.0,9.0,15.8,1.0,0,0,2024,Aston Villa
35,2024-02-11,16:30,Premier League,Matchweek 24,Sun,Home,L,1,2,Manchester Utd,2.4,1.8,56.0,42185.0,John McGinn,4-2-3-1,Robert Jones,Match Report,,23.0,9.0,16.7,1.0,0,0,2024,Aston Villa
36,2024-02-17,15:00,Premier League,Matchweek 25,Sat,Away,W,2,1,Fulham,1.5,1.5,48.0,24401.0,John McGinn,4-2-3-1,Lewis Smith,Match Report,,12.0,3.0,16.8,1.0,0,0,2024,Aston Villa
37,2024-02-24,15:00,Premier League,Matchweek 26,Sat,Home,W,4,2,Nott'ham Forest,3.6,2.6,58.0,42131.0,John McGinn,4-2-3-1,Samuel Barrott,Match Report,,16.0,6.0,14.3,2.0,0,0,2024,Aston Villa
38,2024-03-02,17:30,Premier League,Matchweek 27,Sat,Away,W,3,2,Luton Town,1.9,1.8,54.0,11594.0,John McGinn,4-2-3-1,Michael Oliver,Match Report,,12.0,8.0,12.5,0.0,0,0,2024,Aston Villa
40,2024-03-10,13:00,Premier League,Matchweek 28,Sun,Home,L,0,4,Tottenham,0.8,1.5,32.0,42310.0,John McGinn,5-3-2,Chris Kavanagh,Match Report,,10.0,1.0,14.1,0.0,0,0,2024,Aston Villa
42,2024-03-17,14:00,Premier League,Matchweek 29,Sun,Away,D,1,1,West Ham,0.7,2.0,69.0,62461.0,Emiliano Martínez,4-4-2,Jarred Gillett,Match Report,,13.0,5.0,20.6,0.0,0,0,2024,Aston Villa
43,2024-03-30,17:30,Premier League,Matchweek 30,Sat,Home,W,2,0,Wolves,1.0,1.5,48.0,42640.0,Emiliano Martínez,4-4-2,Paul Tierney,Match Report,,11.0,5.0,14.7,0.0,0,0,2024,Aston Villa
44,2024-04-03,20:15,Premier League,Matchweek 31,Wed,Away,L,1,4,Manchester City,0.8,3.4,33.0,53422.0,Douglas Luiz,4-2-3-1,Darren England,Match Report,,8.0,3.0,12.4,0.0,0,0,2024,Aston Villa
45,2024-04-06,15:00,Premier League,Matchweek 32,Sat,Home,D,3,3,Brentford,1.5,1.5,69.0,42118.0,John McGinn,4-4-1-1,Michael Salisbury,Match Report,,11.0,3.0,12.1,1.0,0,0,2024,Aston Villa
47,2024-04-14,16:30,Premier League,Matchweek 33,Sun,Away,W,2,0,Arsenal,0.9,1.6,48.0,60350.0,John McGinn,4-2-3-1,David Coote,Match Report,,11.0,2.0,18.8,1.0,0,0,2024,Aston Villa
49,2024-04-21,15:00,Premier League,Matchweek 34,Sun,Home,W,3,1,Bournemouth,2.4,1.8,56.0,42189.0,John McGinn,4-2-3-1,Tim Robinson,Match Report,,15.0,5.0,14.8,0.0,0,0,2024,Aston Villa
50,2024-04-27,20:00,Premier League,Matchweek 35,Sat,Home,D,2,2,Chelsea,1.1,1.6,29.0,42354.0,John McGinn,4-4-1-1,Craig Pawson,Match Report,,9.0,4.0,15.0,0.0,0,0,2024,Aston Villa
52,2024-05-05,14:00,Premier League,Matchweek 36,Sun,Away,L,0,1,Brighton,0.1,2.5,48.0,31596.0,John McGinn,4-2-3-1,Robert Jones,Match Report,,2.0,1.0,23.2,0.0,0,0,2024,Aston Villa
54,2024-05-13,20:00,Premier League,Matchweek 37,Mon,Home,D,3,3,Liverpool,3.1,1.7,41.0,42241.0,John McGinn,4-2-3-1,Simon Hooper,Match Report,,19.0,5.0,15.2,0.0,0,0,2024,Aston Villa
55,2024-05-19,16:00,Premier League,Matchweek 38,Sun,Away,L,0,5,Crystal Palace,0.9,2.5,46.0,25191.0,John McGinn,4-4-2,Darren Bond,Match Report,,8.0,2.0,13.8,0.0,0,0,2024,Aston Villa
0,2023-08-13,14:00,Premier League,Matchweek 1,Sun,Away,D,2,2,Brentford,1.3,2.2,69.0,17066.0,Son Heung-min,4-2-3-1,Robert Jones,Match Report,,18.0,6.0,19.6,0.0,0,0,2024,Tottenham Hotspur
1,2023-08-19,17:30,Premier League,Matchweek 2,Sat,Home,W,2,0,Manchester Utd,1.7,2.1,55.0,61910.0,Son Heung-min,4-2-3-1,Michael Oliver,Match Report,,17.0,6.0,13.8,0.0,0,0,2024,Tottenham Hotspur
2,2023-08-26,12:30,Premier League,Matchweek 3,Sat,Away,W,2,0,Bournemouth,2.1,0.7,56.0,10567.0,Son Heung-min,4-2-3-1,Tim Robinson,Match Report,,17.0,6.0,16.6,1.0,0,0,2024,Tottenham Hotspur
4,2023-09-02,15:00,Premier League,Matchweek 4,Sat,Away,W,5,2,Burnley,2.2,1.3,53.0,21750.0,Son Heung-min,4-2-3-1,Darren England,Match Report,,21.0,11.0,19.3,0.0,0,0,2024,Tottenham Hotspur
5,2023-09-16,15:00,Premier League,Matchweek 5,Sat,Home,W,2,1,Sheffield Utd,2.1,0.7,70.0,61706.0,Son Heung-min,4-2-3-1,Peter Bankes,Match Report,,28.0,10.0,16.4,0.0,0,0,2024,Tottenham Hotspur
6,2023-09-24,14:00,Premier League,Matchweek 6,Sun,Away,D,2,2,Arsenal,1.4,1.8,53.0,60156.0,Son Heung-min,4-2-3-1,Robert Jones,Match Report,,13.0,5.0,16.0,0.0,0,0,2024,Tottenham Hotspur
7,2023-09-30,17:30,Premier League,Matchweek 7,Sat,Home,W,2,1,Liverpool,2.2,1.3,64.0,62001.0,Son Heung-min,4-2-3-1,Simon Hooper,Match Report,,24.0,8.0,19.8,0.0,0,0,2024,Tottenham Hotspur
8,2023-10-07,12:30,Premier League,Matchweek 8,Sat,Away,W,1,0,Luton Town,1.9,0.8,66.0,10290.0,Son Heung-min,4-2-3-1,John Brooks,Match Report,,15.0,4.0,16.9,1.0,0,0,2024,Tottenham Hotspur
9,2023-10-23,20:00,Premier League,Matchweek 9,Mon,Home,W,2,0,Fulham,1.5,1.0,55.0,61286.0,Son Heung-min,4-2-3-1,Anthony Taylor,Match Report,,15.0,5.0,17.2,0.0,0,0,2024,Tottenham Hotspur
10,2023-10-27,20:00,Premier League,Matchweek 10,Fri,Away,W,2,1,Crystal Palace,1.1,0.6,75.0,25074.0,Son Heung-min,4-2-3-1,Andy Madley,Match Report,,10.0,1.0,19.5,1.0,0,0,2024,Tottenham Hotspur
11,2023-11-06,20:00,Premier League,Matchweek 11,Mon,Home,L,1,4,Chelsea,0.9,4.1,40.0,61726.0,Son Heung-min,4-2-3-1,Michael Oliver,Match Report,,8.0,5.0,23.5,1.0,0,0,2024,Tottenham Hotspur
12,2023-11-11,12:30,Premier League,Matchweek 12,Sat,Away,L,1,2,Wolves,0.7,2.1,58.0,31642.0,Son Heung-min,4-3-3,Tim Robinson,Match Report,,6.0,2.0,17.5,0.0,0,0,2024,Tottenham Hotspur
13,2023-11-26,14:00,Premier League,Matchweek 13,Sun,Home,L,1,2,Aston Villa,2.3,1.7,62.0,61679.0,Son Heung-min,4-2-3-1,Robert Jones,Match Report,,18.0,7.0,14.0,0.0,0,0,2024,Tottenham Hotspur
14,2023-12-03,16:30,Premier League,Matchweek 14,Sun,Away,D,3,3,Manchester City,0.5,2.6,45.0,53473.0,Son Heung-min,4-2-3-1,Simon Hooper,Match Report,,8.0,4.0,20.7,0.0,0,0,2024,Tottenham Hotspur
15,2023-12-07,20:15,Premier League,Matchweek 15,Thu,Home,L,1,2,West Ham,1.8,2.2,74.0,61171.0,Son Heung-min,4-2-3-1,Michael Salisbury,Match Report,,23.0,6.0,17.1,1.0,0,0,2024,Tottenham Hotspur
16,2023-12-10,16:30,Premier League,Matchweek 16,Sun,Home,W,4,1,Newcastle Utd,3.8,1.7,56.0,61171.0,Son Heung-min,4-2-3-1,Chris Kavanagh,Match Report,,22.0,10.0,15.5,0.0,1,1,2024,Tottenham Hotspur
17,2023-12-15,20:00,Premier League,Matchweek 17,Fri,Away,W,2,0,Nott'ham Forest,1.5,1.3,66.0,29296.0,Son Heung-min,4-2-3-1,Jarred Gillett,Match Report,,12.0,6.0,12.5,0.0,0,0,2024,Tottenham Hotspur
18,2023-12-23,15:00,Premier League,Matchweek 18,Sat,Home,W,2,1,Everton,1.5,1.8,61.0,61808.0,Son Heung-min,4-2-3-1,Stuart Attwell,Match Report,,13.0,6.0,15.1,0.0,0,0,2024,Tottenham Hotspur
19,2023-12-28,19:30,Premier League,Matchweek 19,Thu,Away,L,2,4,Brighton,2.3,3.2,55.0,31675.0,Son Heung-min,4-2-3-1,Jarred Gillett,Match Report,,19.0,3.0,15.2,1.0,0,0,2024,Tottenham Hotspur
20,2023-12-31,14:00,Premier League,Matchweek 20,Sun,Home,W,3,1,Bournemouth,2.3,1.7,50.0,61780.0,Son Heung-min,4-3-3,Simon Hooper,Match Report,,12.0,6.0,14.7,0.0,0,0,2024,Tottenham Hotspur
22,2024-01-14,16:30,Premier League,Matchweek 21,Sun,Away,D,2,2,Manchester Utd,1.2,0.8,63.0,73489.0,Cristian Romero,4-3-3,John Brooks,Match Report,,16.0,5.0,14.4,0.0,0,0,2024,Tottenham Hotspur
24,2024-01-31,19:30,Premier League,Matchweek 22,Wed,Home,W,3,2,Brentford,2.9,1.6,67.0,61210.0,Cristian Romero,4-2-3-1,David Coote,Match Report,,19.0,5.0,14.3,0.0,0,0,2024,Tottenham Hotspur
25,2024-02-03,12:30,Premier League,Matchweek 23,Sat,Away,D,2,2,Everton,1.0,2.6,57.0,39321.0,Cristian Romero,4-2-3-1,Michael Oliver,Match Report,,9.0,6.0,17.8,0.0,0,0,2024,Tottenham Hotspur
26,2024-02-10,15:00,Premier League,Matchweek 24,Sat,Home,W,2,1,Brighton,1.6,1.2,52.0,61445.0,Cristian Romero,4-2-3-1,Samuel Barrott,Match Report,,16.0,6.0,17.1,1.0,0,0,2024,Tottenham Hotspur
27,2024-02-17,15:00,Premier League,Matchweek 25,Sat,Home,L,1,2,Wolves,1.6,1.8,71.0,61532.0,Son Heung-min,4-2-3-1,Anthony Taylor,Match Report,,15.0,4.0,14.3,0.0,0,0,2024,Tottenham Hotspur
28,2024-03-02,15:00,Premier League,Matchweek 27,Sat,Home,W,3,1,Crystal Palace,1.9,0.3,78.0,61339.0,Son Heung-min,4-2-3-1,John Brooks,Match Report,,14.0,6.0,13.5,0.0,0,0,2024,Tottenham Hotspur
29,2024-03-10,13:00,Premier League,Matchweek 28,Sun,Away,W,4,0,Aston Villa,1.5,0.8,68.0,42310.0,Son Heung-min,4-2-3-1,Chris Kavanagh,Match Report,,9.0,5.0,14.9,0.0,0,0,2024,Tottenham Hotspur
30,2024-03-16,17:30,Premier League,Matchweek 29,Sat,Away,L,0,3,Fulham,2.4,2.6,57.0,24410.0,Son Heung-min,4-2-3-1,Robert Jones,Match Report,,14.0,5.0,14.0,0.0,0,0,2024,Tottenham Hotspur
31,2024-03-30,15:00,Premier League,Matchweek 30,Sat,Home,W,2,1,Luton Town,2.9,0.5,70.0,61534.0,Son Heung-min,4-2-3-1,Jarred Gillett,Match Report,,17.0,2.0,14.5,1.0,0,0,2024,Tottenham Hotspur
32,2024-04-02,20:15,Premier League,Matchweek 31,Tue,Away,D,1,1,West Ham,1.0,1.5,67.0,62469.0,Son Heung-min,4-2-3-1,John Brooks,Match Report,,13.0,4.0,17.4,0.0,0,0,2024,Tottenham Hotspur
33,2024-04-07,18:00,Premier League,Matchweek 32,Sun,Home,W,3,1,Nott'ham Forest,1.5,1.5,63.0,61098.0,Son Heung-min,4-2-3-1,Simon Hooper,Match Report,,17.0,7.0,20.2,1.0,0,0,2024,Tottenham Hotspur
34,2024-04-13,12:30,Premier League,Matchweek 33,Sat,Away,L,0,4,Newcastle Utd,0.8,2.8,72.0,52147.0,Son Heung-min,4-2-3-1,Tim Robinson,Match Report,,11.0,2.0,19.0,0.0,0,0,2024,Tottenham Hotspur
35,2024-04-28,14:00,Premier League,Matchweek 35,Sun,Home,L,2,3,Arsenal,2.3,1.0,62.0,61554.0,Son Heung-min,4-2-3-1,Michael Oliver,Match Report,,14.0,1.0,16.8,0.0,1,1,2024,Tottenham Hotspur
36,2024-05-02,19:30,Premier League,Matchweek 26,Thu,Away,L,0,2,Chelsea,1.6,2.2,63.0,39086.0,Son Heung-min,4-2-3-1,Robert Jones,Match Report,,19.0,3.0,16.9,0.0,0,0,2024,Tottenham Hotspur
37,2024-05-05,16:30,Premier League,Matchweek 36,Sun,Away,L,2,4,Liverpool,1.2,3.3,56.0,60075.0,Son Heung-min,4-3-3,Paul Tierney,Match Report,,11.0,6.0,21.6,1.0,0,0,2024,Tottenham Hotspur
38,2024-05-11,15:00,Premier League,Matchweek 37,Sat,Home,W,2,1,Burnley,2.7,0.7,63.0,61148.0,Son Heung-min,4-3-3,Jarred Gillett,Match Report,,21.0,9.0,16.0,0.0,0,0,2024,Tottenham Hotspur
39,2024-05-14,20:00,Premier League,Matchweek 34,Tue,Home,L,0,2,Manchester City,1.7,2.4,53.0,61065.0,Son Heung-min,4-3-1-2,Chris Kavanagh,Match Report,,10.0,5.0,15.0,0.0,0,0,2024,Tottenham Hotspur
40,2024-05-19,16:00,Premier League,Matchweek 38,Sun,Away,W,3,0,Sheffield Utd,3.1,1.0,75.0,29116.0,Son Heung-min,4-2-3-1,Andy Madley,Match Report,,18.0,9.0,14.4,1.0,0,0,2024,Tottenham Hotspur
0,2023-08-13,16:30,Premier League,Matchweek 1,Sun,Home,D,1,1,Liverpool,1.4,1.3,65.0,40096.0,Reece James,3-4-3,Anthony Taylor,Match Report,,10.0,4.0,13.2,1.0,0,0,2024,Chelsea
1,2023-08-20,16:30,Premier League,Matchweek 2,Sun,Away,L,1,3,West Ham,2.5,1.8,75.0,62451.0,Ben Chilwell,3-4-3,John Brooks,Match Report,,16.0,3.0,17.1,0.0,0,1,2024,Chelsea
2,2023-08-25,20:00,Premier League,Matchweek 3,Fri,Home,W,3,0,Luton Town,2.2,0.4,67.0,39893.0,Ben Chilwell,3-4-3,Robert Jones,Match Report,,19.0,8.0,14.2,1.0,0,0,2024,Chelsea
4,2023-09-02,15:00,Premier League,Matchweek 4,Sat,Home,L,0,1,Nott'ham Forest,2.3,0.8,75.0,39820.0,Ben Chilwell,3-4-3,Tim Robinson,Match Report,,21.0,2.0,17.7,2.0,0,0,2024,Chelsea
5,2023-09-17,14:00,Premier League,Matchweek 5,Sun,Away,D,0,0,Bournemouth,1.8,1.0,64.0,10421.0,Conor Gallagher,4-2-3-1,David Coote,Match Report,,14.0,6.0,15.0,1.0,0,0,2024,Chelsea
6,2023-09-24,14:00,Premier League,Matchweek 6,Sun,Home,L,0,1,Aston Villa,1.3,1.0,53.0,39700.0,Conor Gallagher,4-2-3-1,Jarred Gillett,Match Report,,10.0,4.0,17.8,0.0,0,0,2024,Chelsea
8,2023-10-02,20:00,Premier League,Matchweek 7,Mon,Away,W,2,0,Fulham,1.7,1.1,44.0,24445.0,Conor Gallagher,4-3-3,Tim Robinson,Match Report,,11.0,4.0,19.8,1.0,0,0,2024,Chelsea
9,2023-10-07,15:00,Premier League,Matchweek 8,Sat,Away,W,4,1,Burnley,1.9,0.7,62.0,21654.0,Conor Gallagher,4-3-3,Stuart Attwell,Match Report,,8.0,4.0,18.1,0.0,1,1,2024,Chelsea
10,2023-10-21,17:30,Premier League,Matchweek 9,Sat,Home,D,2,2,Arsenal,1.3,1.0,44.0,39723.0,Conor Gallagher,4-2-3-1,Chris Kavanagh,Match Report,,10.0,4.0,20.4,0.0,1,1,2024,Chelsea
11,2023-10-28,12:30,Premier League,Matchweek 10,Sat,Home,L,0,2,Brentford,1.9,2.2,68.0,39575.0,Conor Gallagher,4-2-3-1,Simon Hooper,Match Report,,17.0,2.0,16.1,1.0,0,0,2024,Chelsea
13,2023-11-06,20:00,Premier League,Matchweek 11,Mon,Away,W,4,1,Tottenham,4.1,0.9,60.0,61726.0,Reece James,4-2-3-1,Michael Oliver,Match Report,,16.0,6.0,16.8,0.0,1,1,2024,Chelsea
14,2023-11-12,16:30,Premier League,Matchweek 12,Sun,Home,D,4,4,Manchester City,2.9,2.9,45.0,39532.0,Reece James,4-2-3-1,Anthony Taylor,Match Report,,16.0,8.0,19.1,1.0,1,1,2024,Chelsea
15,2023-11-25,15:00,Premier League,Matchweek 13,Sat,Away,L,1,4,Newcastle Utd,0.5,2.4,46.0,52227.0,Reece James,4-2-3-1,Simon Hooper,Match Report,,7.0,4.0,18.4,2.0,0,0,2024,Chelsea
16,2023-12-03,14:00,Premier League,Matchweek 14,Sun,Home,W,3,2,Brighton,2.1,1.1,32.0,39647.0,Conor Gallagher,4-2-3-1,Craig Pawson,Match Report,,7.0,3.0,19.6,0.0,1,1,2024,Chelsea
17,2023-12-06,20:15,Premier League,Matchweek 15,Wed,Away,L,1,2,Manchester Utd,1.5,4.1,55.0,73607.0,Levi Colwill,4-2-3-1,Chris Kavanagh,Match Report,,13.0,3.0,15.0,0.0,0,0,2024,Chelsea
18,2023-12-10,14:00,Premier League,Matchweek 16,Sun,Away,L,0,2,Everton,0.9,1.2,71.0,39280.0,Reece James,4-2-3-1,Michael Oliver,Match Report,,16.0,4.0,18.5,1.0,0,0,2024,Chelsea
19,2023-12-16,15:00,Premier League,Matchweek 17,Sat,Home,W,2,0,Sheffield Utd,3.1,0.4,78.0,39599.0,Conor Gallagher,4-2-3-1,Andy Madley,Match Report,,15.0,6.0,17.2,1.0,0,0,2024,Chelsea
21,2023-12-24,13:00,Premier League,Matchweek 18,Sun,Away,L,1,2,Wolves,2.0,1.3,68.0,31641.0,Conor Gallagher,4-2-3-1,David Coote,Match Report,,16.0,4.0,17.4,1.0,0,0,2024,Chelsea
22,2023-12-27,19:30,Premier League,Matchweek 19,Wed,Home,W,2,1,Crystal Palace,2.6,1.1,63.0,39618.0,Conor Gallagher,4-2-3-1,Michael Salisbury,Match Report,,8.0,2.0,15.3,0.0,1,1,2024,Chelsea
23,2023-12-30,12:30,Premier League,Matchweek 20,Sat,Away,W,3,2,Luton Town,1.5,2.3,48.0,11041.0,Conor Gallagher,4-2-3-1,Paul Tierney,Match Report,,12.0,8.0,17.5,0.0,0,0,2024,Chelsea
26,2024-01-13,12:30,Premier League,Matchweek 21,Sat,Home,W,1,0,Fulham,2.2,0.8,55.0,39643.0,Conor Gallagher,4-2-3-1,Anthony Taylor,Match Report,,16.0,2.0,17.5,0.0,1,1,2024,Chelsea
29,2024-01-31,20:15,Premier League,Matchweek 22,Wed,Away,L,1,4,Liverpool,0.6,2.9,50.0,57524.0,Ben Chilwell,4-2-3-1,Paul Tierney,Match Report,,4.0,3.0,18.8,0.0,0,0,2024,Chelsea
30,2024-02-04,14:00,Premier League,Matchweek 23,Sun,Home,L,2,4,Wolves,1.7,2.0,64.0,39628.0,Ben Chilwell,4-2-3-1,Tim Robinson,Match Report,,15.0,4.0,14.5,0.0,0,0,2024,Chelsea
32,2024-02-12,20:00,Premier League,Matchweek 24,Mon,Away,W,3,1,Crystal Palace,1.4,0.6,77.0,25110.0,Ben Chilwell,4-2-3-1,Michael Oliver,Match Report,,14.0,5.0,15.3,0.0,0,0,2024,Chelsea
33,2024-02-17,17:30,Premier League,Matchweek 25,Sat,Away,D,1,1,Manchester City,1.4,2.6,30.0,52178.0,Ben Chilwell,4-2-3-1,Andy Madley,Match Report,,9.0,6.0,12.8,0.0,0,0,2024,Chelsea
36,2024-03-02,15:00,Premier League,Matchweek 27,Sat,Away,D,2,2,Brentford,1.8,1.8,67.0,17140.0,Ben Chilwell,3-5-2,Jarred Gillett,Match Report,,17.0,5.0,19.5,0.0,0,0,2024,Chelsea
37,2024-03-11,20:00,Premier League,Matchweek 28,Mon,Home,W,3,2,Newcastle Utd,1.6,0.7,44.0,37753.0,Conor Gallagher,4-2-3-1,John Brooks,Match Report,,12.0,7.0,19.7,0.0,0,0,2024,Chelsea
39,2024-03-30,15:00,Premier League,Matchweek 30,Sat,Home,D,2,2,Burnley,4.2,1.6,69.0,39535.0,Conor Gallagher,4-2-3-1,Darren England,Match Report,,32.0,12.0,17.8,0.0,1,1,2024,Chelsea
40,2024-04-04,20:15,Premier League,Matchweek 31,Thu,Home,W,4,3,Manchester Utd,3.0,1.5,57.0,39694.0,Conor Gallagher,4-2-3-1,Jarred Gillett,Match Report,,26.0,8.0,19.0,1.0,2,2,2024,Chelsea
41,2024-04-07,17:30,Premier League,Matchweek 32,Sun,Away,D,2,2,Sheffield Utd,0.3,1.4,68.0,28638.0,Conor Gallagher,4-2-3-1,Robert Jones,Match Report,,6.0,3.0,18.5,0.0,0,0,2024,Chelsea
42,2024-04-15,20:00,Premier League,Matchweek 33,Mon,Home,W,6,0,Everton,3.1,1.5,58.0,39392.0,Conor Gallagher,4-2-3-1,Paul Tierney,Match Report,,13.0,9.0,18.8,0.0,1,1,2024,Chelsea
44,2024-04-23,20:00,Premier League,Matchweek 29,Tue,Away,L,0,5,Arsenal,1.6,3.3,55.0,60238.0,Conor Gallagher,4-2-3-1,Simon Hooper,Match Report,,7.0,1.0,13.0,1.0,0,0,2024,Chelsea
45,2024-04-27,20:00,Premier League,Matchweek 35,Sat,Away,D,2,2,Aston Villa,1.6,1.1,71.0,42354.0,Conor Gallagher,4-2-3-1,Craig Pawson,Match Report,,21.0,5.0,21.7,1.0,0,0,2024,Chelsea
46,2024-05-02,19:30,Premier League,Matchweek 26,Thu,Home,W,2,0,Tottenham,2.2,1.6,37.0,39086.0,Conor Gallagher,4-2-3-1,Robert Jones,Match Report,,16.0,4.0,16.1,2.0,0,0,2024,Chelsea
47,2024-05-05,14:00,Premier League,Matchweek 36,Sun,Home,W,5,0,West Ham,4.1,0.9,69.0,39295.0,Conor Gallagher,4-2-3-1,Andy Madley,Match Report,,25.0,14.0,15.7,1.0,0,0,2024,Chelsea
48,2024-05-11,17:30,Premier League,Matchweek 37,Sat,Away,W,3,2,Nott'ham Forest,1.6,1.5,67.0,29708.0,Conor Gallagher,4-2-3-1,Tony Harrington,Match Report,,12.0,5.0,12.0,1.0,0,0,2024,Chelsea
49,2024-05-15,19:45,Premier League,Matchweek 34,Wed,Away,W,2,1,Brighton,1.5,1.3,45.0,31555.0,Conor Gallagher,4-2-3-1,Michael Salisbury,Match Report,,14.0,6.0,20.3,2.0,0,0,2024,Chelsea
50,2024-05-19,16:00,Premier League,Matchweek 38,Sun,Home,W,2,1,Bournemouth,1.1,2.2,61.0,39724.0,Conor Gallagher,4-2-3-1,Anthony Taylor,Match Report,,16.0,6.0,18.2,0.0,0,0,2024,Chelsea
0,2023-08-12,17:30,Premier League,Matchweek 1,Sat,Home,W,5,1,Aston Villa,3.3,1.8,52.0,52207.0,Kieran Trippier,4-3-3,Andy Madley,Match Report,,17.0,12.0,13.2,0.0,0,0,2024,Newcastle United
1,2023-08-19,20:00,Premier League,Matchweek 2,Sat,Away,L,0,1,Manchester City,0.3,1.0,41.0,53419.0,Kieran Trippier,4-3-3,Robert Jones,Match Report,,7.0,1.0,20.3,0.0,0,0,2024,Newcastle United
2,2023-08-27,16:30,Premier League,Matchweek 3,Sun,Home,L,1,2,Liverpool,2.0,0.9,59.0,52214.0,Kieran Trippier,4-3-3,John Brooks,Match Report,,23.0,8.0,18.3,1.0,0,0,2024,Newcastle United
3,2023-09-02,17:30,Premier League,Matchweek 4,Sat,Away,L,1,3,Brighton,1.2,1.3,44.0,31620.0,Kieran Trippier,4-3-3,Stuart Attwell,Match Report,,9.0,2.0,14.6,0.0,0,0,2024,Newcastle United
4,2023-09-16,17:30,Premier League,Matchweek 5,Sat,Home,W,1,0,Brentford,1.4,0.5,56.0,51670.0,Kieran Trippier,4-3-3,Craig Pawson,Match Report,,8.0,1.0,20.2,0.0,1,1,2024,Newcastle United
6,2023-09-24,16:30,Premier League,Matchweek 6,Sun,Away,W,8,0,Sheffield Utd,3.9,0.9,58.0,31127.0,Kieran Trippier,4-3-3,Stuart Attwell,Match Report,,22.0,15.0,14.2,0.0,0,0,2024,Newcastle United
8,2023-09-30,15:00,Premier League,Matchweek 7,Sat,Home,W,2,0,Burnley,3.1,0.6,53.0,51687.0,Jamaal Lascelles,4-3-3,Thomas Bramall,Match Report,,19.0,6.0,15.8,0.0,1,1,2024,Newcastle United
10,2023-10-08,14:00,Premier League,Matchweek 8,Sun,Away,D,2,2,West Ham,2.0,1.2,64.0,62473.0,Jamaal Lascelles,4-3-3,Peter Bankes,Match Report,,10.0,3.0,12.1,0.0,0,0,2024,Newcastle United
11,2023-10-21,15:00,Premier League,Matchweek 9,Sat,Home,W,4,0,Crystal Palace,2.4,1.2,59.0,52189.0,Jamaal Lascelles,4-3-3,Tim Robinson,Match Report,,10.0,7.0,10.2,0.0,0,0,2024,Newcastle United
13,2023-10-28,17:30,Premier League,Matchweek 10,Sat,Away,D,2,2,Wolves,2.2,0.9,57.0,31584.0,Jamaal Lascelles,4-3-3,Anthony Taylor,Match Report,,12.0,3.0,14.2,0.0,1,1,2024,Newcastle United
15,2023-11-04,17:30,Premier League,Matchweek 11,Sat,Home,W,1,0,Arsenal,1.0,0.6,42.0,52194.0,Jamaal Lascelles,4-3-3,Stuart Attwell,Match Report,,9.0,1.0,18.6,0.0,0,0,2024,Newcastle United
17,2023-11-11,17:30,Premier League,Matchweek 12,Sat,Away,L,0,2,Bournemouth,0.5,2.4,52.0,11201.0,Jamaal Lascelles,4-3-3,Chris Kavanagh,Match Report,,8.0,5.0,19.5,0.0,0,0,2024,Newcastle United
18,2023-11-25,15:00,Premier League,Matchweek 13,Sat,Home,W,4,1,Chelsea,2.4,0.5,54.0,52227.0,Jamaal Lascelles,4-3-3,Simon Hooper,Match Report,,14.0,5.0,17.0,1.0,0,0,2024,Newcastle United
20,2023-12-02,20:00,Premier League,Matchweek 14,Sat,Home,W,1,0,Manchester Utd,2.4,0.5,58.0,52214.0,Jamaal Lascelles,4-3-3,Robert Jones,Match Report,,22.0,4.0,16.4,1.0,0,0,2024,Newcastle United
21,2023-12-07,19:30,Premier League,Matchweek 15,Thu,Away,L,0,3,Everton,1.5,3.3,62.0,38198.0,Jamaal Lascelles,4-3-3,Tim Robinson,Match Report,,13.0,3.0,19.3,1.0,0,0,2024,Newcastle United
22,2023-12-10,16:30,Premier League,Matchweek 16,Sun,Away,L,1,4,Tottenham,1.7,3.8,44.0,61171.0,Jamaal Lascelles,4-3-3,Chris Kavanagh,Match Report,,9.0,3.0,14.4,0.0,0,0,2024,Newcastle United
24,2023-12-16,15:00,Premier League,Matchweek 17,Sat,Home,W,3,0,Fulham,3.5,0.3,70.0,52055.0,Jamaal Lascelles,4-3-3,Samuel Barrott,Match Report,,27.0,10.0,14.4,0.0,0,0,2024,Newcastle United
26,2023-12-23,15:00,Premier League,Matchweek 18,Sat,Away,L,0,1,Luton Town,1.4,1.4,65.0,11042.0,Jamaal Lascelles,4-3-3,Darren England,Match Report,,15.0,2.0,12.2,0.0,0,0,2024,Newcastle United
27,2023-12-26,12:30,Premier League,Matchweek 19,Tue,Home,L,1,3,Nott'ham Forest,2.4,3.5,62.0,52207.0,Kieran Trippier,4-3-3,Chris Kavanagh,Match Report,,18.0,5.0,15.1,1.0,1,1,2024,Newcastle United
28,2024-01-01,20:00,Premier League,Matchweek 20,Mon,Away,L,2,4,Liverpool,0.6,7.0,39.0,57471.0,Dan Burn,4-3-3,Anthony Taylor,Match Report,,5.0,3.0,16.1,0.0,0,0,2024,Newcastle United
30,2024-01-13,17:30,Premier League,Matchweek 21,Sat,Home,L,2,3,Manchester City,1.3,3.0,28.0,52190.0,Kieran Trippier,4-3-3,Chris Kavanagh,Match Report,,12.0,5.0,14.7,0.0,0,0,2024,Newcastle United
32,2024-01-30,20:15,Premier League,Matchweek 22,Tue,Away,W,3,1,Aston Villa,2.6,1.4,39.0,42191.0,Kieran Trippier,4-3-3,John Brooks,Match Report,,14.0,5.0,11.9,0.0,0,0,2024,Newcastle United
33,2024-02-03,15:00,Premier League,Matchweek 23,Sat,Home,D,4,4,Luton Town,2.3,2.4,55.0,52211.0,Kieran Trippier,4-3-3,Thomas Bramall,Match Report,,19.0,6.0,16.3,0.0,0,0,2024,Newcastle United
34,2024-02-10,17:30,Premier League,Matchweek 24,Sat,Away,W,3,2,Nott'ham Forest,0.5,1.5,61.0,29451.0,Kieran Trippier,4-3-3,Anthony Taylor,Match Report,,7.0,5.0,19.2,0.0,0,0,2024,Newcastle United
35,2024-02-17,15:00,Premier League,Matchweek 25,Sat,Home,D,2,2,Bournemouth,2.2,2.2,62.0,52224.0,Kieran Trippier,4-3-3,Michael Salisbury,Match Report,,16.0,4.0,19.4,0.0,1,1,2024,Newcastle United
36,2024-02-24,20:00,Premier League,Matchweek 26,Sat,Away,L,1,4,Arsenal,0.2,2.8,45.0,60298.0,Kieran Trippier,4-3-3,Paul Tierney,Match Report,,3.0,2.0,14.5,0.0,0,0,2024,Newcastle United
38,2024-03-02,15:00,Premier League,Matchweek 27,Sat,Home,W,3,0,Wolves,2.1,0.8,44.0,52206.0,Kieran Trippier,4-3-3,Tim Robinson,Match Report,,14.0,6.0,16.3,1.0,0,0,2024,Newcastle United
39,2024-03-11,20:00,Premier League,Matchweek 28,Mon,Away,L,2,3,Chelsea,0.7,1.6,56.0,37753.0,Dan Burn,4-3-3,John Brooks,Match Report,,11.0,3.0,16.0,0.0,0,0,2024,Newcastle United
41,2024-03-30,12:30,Premier League,Matchweek 30,Sat,Home,W,4,3,West Ham,4.1,1.4,60.0,52199.0,Jamaal Lascelles,4-3-3,Robert Jones,Match Report,,22.0,7.0,17.6,0.0,2,2,2024,Newcastle United
42,2024-04-02,19:30,Premier League,Matchweek 31,Tue,Home,D,1,1,Everton,2.4,1.4,57.0,52135.0,Dan Burn,4-3-3,Tony Harrington,Match Report,,18.0,5.0,15.7,0.0,0,0,2024,Newcastle United
43,2024-04-06,15:00,Premier League,Matchweek 32,Sat,Away,W,1,0,Fulham,1.0,1.2,34.0,24418.0,Dan Burn,4-3-3,Samuel Allison,Match Report,,12.0,5.0,16.8,0.0,0,0,2024,Newcastle United
44,2024-04-13,12:30,Premier League,Matchweek 33,Sat,Home,W,4,0,Tottenham,2.8,0.8,28.0,52147.0,Dan Burn,4-3-3,Tim Robinson,Match Report,,18.0,5.0,11.1,0.0,0,0,2024,Newcastle United
45,2024-04-24,20:00,Premier League,Matchweek 29,Wed,Away,L,0,2,Crystal Palace,0.4,0.9,53.0,25002.0,Dan Burn,3-4-3,Thomas Bramall,Match Report,,7.0,2.0,14.2,0.0,0,0,2024,Newcastle United
46,2024-04-27,15:00,Premier League,Matchweek 35,Sat,Home,W,5,1,Sheffield Utd,3.1,1.5,60.0,52196.0,Dan Burn,4-3-3,Tony Harrington,Match Report,,19.0,6.0,16.0,0.0,1,1,2024,Newcastle United
47,2024-05-04,15:00,Premier League,Matchweek 36,Sat,Away,W,4,1,Burnley,3.4,1.0,53.0,21781.0,Dan Burn,4-4-2,Anthony Taylor,Match Report,,22.0,10.0,17.6,1.0,0,1,2024,Newcastle United
48,2024-05-11,15:00,Premier League,Matchweek 37,Sat,Home,D,1,1,Brighton,2.2,1.4,57.0,51997.0,Dan Burn,4-3-3,Darren England,Match Report,,18.0,7.0,15.8,0.0,0,0,2024,Newcastle United
49,2024-05-15,20:00,Premier League,Matchweek 34,Wed,Away,L,2,3,Manchester Utd,2.2,1.5,55.0,73582.0,Kieran Trippier,4-3-3,Robert Jones,Match Report,,21.0,7.0,14.6,0.0,0,0,2024,Newcastle United
50,2024-05-19,16:00,Premier League,Matchweek 38,Sun,Away,W,4,2,Brentford,3.4,1.1,46.0,17124.0,Dan Burn,4-3-3,Simon Hooper,Match Report,,12.0,7.0,15.4,2.0,0,0,2024,Newcastle United
